id_job,activity,enabled_time,start_time,end_time,role,resource,wip_wait,wip_start,wip_end,wip_activity,ro_total,ro_single,queue,prefix,attribute_case,attribute_event
3,3_6,0,0,9.033723380167455,,,-1,0.157,-1,-1,[],-1,0,<class 'utility.Prefix'>,{},{}
3,3_3,9.033723380167455,9.033723380167455,18.02925141421565,,,-1,0.157,-1,-1,[],-1,0,<class 'utility.Prefix'>,{},{}
13,13_6,0,9.033723380167455,25.428607848989248,,,-1,1.186,-1,-1,[],-1,0,<class 'utility.Prefix'>,{},{}
18,18_0,0,0,27.27126750773898,,,-1,0.435,-1,-1,[],-1,0,<class 'utility.Prefix'>,{},{}
8,8_9,0,0,28.932436444296336,,,-1,1.302,-1,-1,[],-1,0,<class 'utility.Prefix'>,{},{}
17,17_5,0,0,39.498962651115896,,,-1,2.844,-1,-1,[],-1,0,<class 'utility.Prefix'>,{},{}
18,18_6,27.27126750773898,27.27126750773898,54.8771151305252,,,-1,0.435,-1,-1,[],-1,0,<class 'utility.Prefix'>,{},{}
13,13_5,25.428607848989248,39.498962651115896,55.39471741448509,,,-1,1.186,-1,-1,[],-1,0,<class 'utility.Prefix'>,{},{}
8,8_1,28.932436444296336,28.932436444296336,61.37585676047444,,,-1,1.302,-1,-1,[],-1,0,<class 'utility.Prefix'>,{},{}
6,6_8,0,0,62.489118539758245,,,-1,1.238,-1,-1,[],-1,0,<class 'utility.Prefix'>,{},{}
11,11_4,0,0,68.66235999865567,,,-1,2.359,-1,-1,[],-1,0,<class 'utility.Prefix'>,{},{}
0,0_2,0,0,90.16269854801695,,,-1,2.073,-1,-1,[],-1,0,<class 'utility.Prefix'>,{},{}
7,7_2,0,90.16269854801695,107.19113515326549,,,-1,0.559,-1,-1,[],-1,0,<class 'utility.Prefix'>,{},{}
3,3_2,18.02925141421565,107.19113515326549,116.43885512116564,,,-1,0.157,-1,-1,[],-1,0,<class 'utility.Prefix'>,{},{}
10,10_8,0,62.489118539758245,123.82716935639559,,,-1,2.884,-1,-1,[],-1,0,<class 'utility.Prefix'>,{},{}
6,6_3,62.489118539758245,62.489118539758245,126.22292503788836,,,-1,1.238,-1,-1,[],-1,0,<class 'utility.Prefix'>,{},{}
19,19_0,0,27.27126750773898,128.63016912698657,,,-1,8.108,-1,-1,[],-1,0,<class 'utility.Prefix'>,{},{}
16,16_7,0,0,131.8548523330588,,,-1,4.51,-1,-1,[],-1,0,<class 'utility.Prefix'>,{},{}
5,5_9,0,28.932436444296336,140.21797516020365,,,-1,11.309,-1,-1,[],-1,0,<class 'utility.Prefix'>,{},{}
1,1_8,0,123.82716935639559,147.8129301775686,,,-1,0.68,-1,-1,[],-1,0,<class 'utility.Prefix'>,{},{}
0,0_4,90.16269854801695,90.16269854801695,179.78506919553263,,,-1,2.073,-1,-1,[],-1,0,<class 'utility.Prefix'>,{},{}
10,10_0,123.82716935639559,128.63016912698657,186.6322735359076,,,-1,2.884,-1,-1,[],-1,0,<class 'utility.Prefix'>,{},{}
13,13_0,55.39471741448509,186.6322735359076,200.7435206814639,,,-1,1.186,-1,-1,[],-1,0,<class 'utility.Prefix'>,{},{}
14,14_0,0,200.7435206814639,216.9016003383897,,,-1,0.179,-1,-1,[],-1,0,<class 'utility.Prefix'>,{},{}
13,13_1,200.7435206814639,200.7435206814639,217.28347594751423,,,-1,1.186,-1,-1,[],-1,0,<class 'utility.Prefix'>,{},{}
10,10_5,186.6322735359076,186.6322735359076,247.90473128609577,,,-1,2.884,-1,-1,[],-1,0,<class 'utility.Prefix'>,{},{}
19,19_8,128.63016912698657,147.8129301775686,248.71923431897085,,,-1,8.108,-1,-1,[],-1,0,<class 'utility.Prefix'>,{},{}
5,5_3,140.21797516020365,140.21797516020365,253.09017073028477,,,-1,11.309,-1,-1,[],-1,0,<class 'utility.Prefix'>,{},{}
18,18_8,54.8771151305252,248.71923431897085,275.47626058212444,,,-1,0.435,-1,-1,[],-1,0,<class 'utility.Prefix'>,{},{}
11,11_0,68.66235999865567,216.9016003383897,282.03872277461807,,,-1,2.359,-1,-1,[],-1,0,<class 'utility.Prefix'>,{},{}
9,9_9,0,140.21797516020365,306.2608006113099,,,-1,10.63,-1,-1,[],-1,0,<class 'utility.Prefix'>,{},{}
8,8_8,61.37585676047444,275.47626058212444,309.7413685473531,,,-1,1.302,-1,-1,[],-1,0,<class 'utility.Prefix'>,{},{}
10,10_3,247.90473128609577,253.09017073028477,314.66323118485286,,,-1,2.884,-1,-1,[],-1,0,<class 'utility.Prefix'>,{},{}
17,17_0,39.498962651115896,282.03872277461807,320.6208225177614,,,-1,2.844,-1,-1,[],-1,0,<class 'utility.Prefix'>,{},{}
13,13_8,217.28347594751423,309.7413685473531,325.94583745559004,,,-1,1.186,-1,-1,[],-1,0,<class 'utility.Prefix'>,{},{}
14,14_3,216.9016003383897,314.66323118485286,330.60818977448565,,,-1,0.179,-1,-1,[],-1,0,<class 'utility.Prefix'>,{},{}
11,11_6,282.03872277461807,282.03872277461807,350.0675548567033,,,-1,2.359,-1,-1,[],-1,0,<class 'utility.Prefix'>,{},{}
19,19_7,248.71923431897085,248.71923431897085,368.9991323756068,,,-1,8.108,-1,-1,[],-1,0,<class 'utility.Prefix'>,{},{}
2,2_9,0,306.2608006113099,378.0191831291906,,,-1,6.716,-1,-1,[],-1,0,<class 'utility.Prefix'>,{},{}
8,8_6,309.7413685473531,350.0675548567033,380.62073087443076,,,-1,1.302,-1,-1,[],-1,0,<class 'utility.Prefix'>,{},{}
6,6_7,126.22292503788836,368.9991323756068,430.14420503888596,,,-1,1.238,-1,-1,[],-1,0,<class 'utility.Prefix'>,{},{}
15,15_8,0,325.94583745559004,440.95452952528024,,,-1,9.069,-1,-1,[],-1,0,<class 'utility.Prefix'>,{},{}
4,4_5,0,247.90473128609577,442.79899362639185,,,-1,7.967,-1,-1,[],-1,0,<class 'utility.Prefix'>,{},{}
16,16_3,131.8548523330588,330.60818977448565,458.4165185967197,,,-1,4.51,-1,-1,[],-1,0,<class 'utility.Prefix'>,{},{}
7,7_5,107.19113515326549,442.79899362639185,459.9689828259919,,,-1,0.559,-1,-1,[],-1,0,<class 'utility.Prefix'>,{},{}
19,19_2,368.9991323756068,368.9991323756068,474.0832230242757,,,-1,8.108,-1,-1,[],-1,0,<class 'utility.Prefix'>,{},{}
18,18_2,275.47626058212444,474.0832230242757,501.2816511136722,,,-1,0.435,-1,-1,[],-1,0,<class 'utility.Prefix'>,{},{}
18,18_9,501.2816511136722,501.2816511136722,528.7452241548868,,,-1,0.435,-1,-1,[],-1,0,<class 'utility.Prefix'>,{},{}
2,2_3,378.0191831291906,458.4165185967197,541.6001345401021,,,-1,6.716,-1,-1,[],-1,0,<class 'utility.Prefix'>,{},{}
7,7_9,459.9689828259919,528.7452241548868,544.801072785083,,,-1,0.559,-1,-1,[],-1,0,<class 'utility.Prefix'>,{},{}
3,3_9,116.43885512116564,544.801072785083,553.6377041063602,,,-1,0.157,-1,-1,[],-1,0,<class 'utility.Prefix'>,{},{}
7,7_3,544.801072785083,544.801072785083,562.2625621406114,,,-1,0.559,-1,-1,[],-1,0,<class 'utility.Prefix'>,{},{}
6,6_2,430.14420503888596,501.2816511136722,564.534745720047,,,-1,1.238,-1,-1,[],-1,0,<class 'utility.Prefix'>,{},{}
13,13_2,325.94583745559004,564.534745720047,581.7166801995606,,,-1,1.186,-1,-1,[],-1,0,<class 'utility.Prefix'>,{},{}
9,9_7,306.2608006113099,430.14420503888596,611.7826612841434,,,-1,10.63,-1,-1,[],-1,0,<class 'utility.Prefix'>,{},{}
2,2_1,541.6001345401021,541.6001345401021,618.2134394967965,,,-1,6.716,-1,-1,[],-1,0,<class 'utility.Prefix'>,{},{}
11,11_9,350.0675548567033,553.6377041063602,623.7020941911693,,,-1,2.359,-1,-1,[],-1,0,<class 'utility.Prefix'>,{},{}
4,4_4,442.79899362639185,442.79899362639185,632.5633168661114,,,-1,7.967,-1,-1,[],-1,0,<class 'utility.Prefix'>,{},{}
7,7_1,562.2625621406114,618.2134394967965,634.7919380601523,,,-1,0.559,-1,-1,[],-1,0,<class 'utility.Prefix'>,{},{}
12,12_5,0,459.9689828259919,654.171604938464,,,-1,5.676,-1,-1,[],-1,0,<class 'utility.Prefix'>,{},{}
11,11_8,623.7020941911693,623.7020941911693,689.0431010662912,,,-1,2.359,-1,-1,[],-1,0,<class 'utility.Prefix'>,{},{}
10,10_4,314.66323118485286,632.5633168661114,692.2599885641555,,,-1,2.884,-1,-1,[],-1,0,<class 'utility.Prefix'>,{},{}
6,6_5,564.534745720047,654.171604938464,715.6022175473678,,,-1,1.238,-1,-1,[],-1,0,<class 'utility.Prefix'>,{},{}
17,17_4,320.6208225177614,692.2599885641555,732.6418329503294,,,-1,2.844,-1,-1,[],-1,0,<class 'utility.Prefix'>,{},{}
5,5_7,253.09017073028477,611.7826612841434,740.014196353454,,,-1,11.309,-1,-1,[],-1,0,<class 'utility.Prefix'>,{},{}
6,6_6,715.6022175473678,715.6022175473678,779.9136821099427,,,-1,1.238,-1,-1,[],-1,0,<class 'utility.Prefix'>,{},{}
9,9_0,611.7826612841434,611.7826612841434,791.2804954125858,,,-1,10.63,-1,-1,[],-1,0,<class 'utility.Prefix'>,{},{}
1,1_0,147.8129301775686,791.2804954125858,814.8735499226683,,,-1,0.68,-1,-1,[],-1,0,<class 'utility.Prefix'>,{},{}
3,3_0,553.6377041063602,814.8735499226683,823.9760593320159,,,-1,0.157,-1,-1,[],-1,0,<class 'utility.Prefix'>,{},{}
10,10_6,692.2599885641555,779.9136821099427,835.9226501444634,,,-1,2.884,-1,-1,[],-1,0,<class 'utility.Prefix'>,{},{}
16,16_5,458.4165185967197,715.6022175473678,844.6585149120532,,,-1,4.51,-1,-1,[],-1,0,<class 'utility.Prefix'>,{},{}
5,5_2,740.014196353454,740.014196353454,846.8831296335645,,,-1,11.309,-1,-1,[],-1,0,<class 'utility.Prefix'>,{},{}
18,18_5,528.7452241548868,844.6585149120532,871.3546452678454,,,-1,0.435,-1,-1,[],-1,0,<class 'utility.Prefix'>,{},{}
8,8_5,380.62073087443076,871.3546452678454,903.0527048378458,,,-1,1.302,-1,-1,[],-1,0,<class 'utility.Prefix'>,{},{}
3,3_5,823.9760593320159,903.0527048378458,912.4910044460659,,,-1,0.157,-1,-1,[],-1,0,<class 'utility.Prefix'>,{},{}
0,0_6,179.78506919553263,835.9226501444634,921.6541125324832,,,-1,2.073,-1,-1,[],-1,0,<class 'utility.Prefix'>,{},{}
4,4_7,632.5633168661114,740.014196353454,944.5761227043067,,,-1,7.967,-1,-1,[],-1,0,<class 'utility.Prefix'>,{},{}
9,9_3,791.2804954125858,791.2804954125858,972.4566818516535,,,-1,10.63,-1,-1,[],-1,0,<class 'utility.Prefix'>,{},{}
17,17_7,732.6418329503294,944.5761227043067,980.254857483487,,,-1,2.844,-1,-1,[],-1,0,<class 'utility.Prefix'>,{},{}
1,1_7,814.8735499226683,980.254857483487,1005.1911811419336,,,-1,0.68,-1,-1,[],-1,0,<class 'utility.Prefix'>,{},{}
0,0_8,921.6541125324832,921.6541125324832,1011.9620735009863,,,-1,2.073,-1,-1,[],-1,0,<class 'utility.Prefix'>,{},{}
3,3_8,912.4910044460659,1011.9620735009863,1020.9417056113274,,,-1,0.157,-1,-1,[],-1,0,<class 'utility.Prefix'>,{},{}
19,19_3,474.0832230242757,972.4566818516535,1079.4768720557558,,,-1,8.108,-1,-1,[],-1,0,<class 'utility.Prefix'>,{},{}
13,13_3,581.7166801995606,1079.4768720557558,1095.4882467615678,,,-1,1.186,-1,-1,[],-1,0,<class 'utility.Prefix'>,{},{}
15,15_7,440.95452952528024,1005.1911811419336,1124.032033898011,,,-1,9.069,-1,-1,[],-1,0,<class 'utility.Prefix'>,{},{}
9,9_1,972.4566818516535,972.4566818516535,1141.4090416735958,,,-1,10.63,-1,-1,[],-1,0,<class 'utility.Prefix'>,{},{}
4,4_9,944.5761227043067,944.5761227043067,1155.7886536865026,,,-1,7.967,-1,-1,[],-1,0,<class 'utility.Prefix'>,{},{}
6,6_9,779.9136821099427,1155.7886536865026,1219.4035915780632,,,-1,1.238,-1,-1,[],-1,0,<class 'utility.Prefix'>,{},{}
6,6_4,1219.4035915780632,1219.4035915780632,1281.855487273536,,,-1,1.238,-1,-1,[],-1,0,<class 'utility.Prefix'>,{},{}
9,9_5,1141.4090416735958,1141.4090416735958,1326.7958041396969,,,-1,10.63,-1,-1,[],-1,0,<class 'utility.Prefix'>,{},{}
16,16_9,844.6585149120532,1219.4035915780632,1341.7691323684694,,,-1,4.51,-1,-1,[],-1,0,<class 'utility.Prefix'>,{},{}
10,10_9,835.9226501444634,1341.7691323684694,1406.2345551087346,,,-1,2.884,-1,-1,[],-1,0,<class 'utility.Prefix'>,{},{}
5,5_4,846.8831296335645,1281.855487273536,1407.0015424335788,,,-1,11.309,-1,-1,[],-1,0,<class 'utility.Prefix'>,{},{}
16,16_0,1341.7691323684694,1341.7691323684694,1471.967081591772,,,-1,4.51,-1,-1,[],-1,0,<class 'utility.Prefix'>,{},{}
10,10_2,1406.2345551087346,1406.2345551087346,1472.7726476363935,,,-1,2.884,-1,-1,[],-1,0,<class 'utility.Prefix'>,{},{}
8,8_2,903.0527048378458,1472.7726476363935,1506.143966013915,,,-1,1.302,-1,-1,[],-1,0,<class 'utility.Prefix'>,{},{}
5,5_0,1407.0015424335788,1471.967081591772,1573.562978914757,,,-1,11.309,-1,-1,[],-1,0,<class 'utility.Prefix'>,{},{}
12,12_9,654.171604938464,1406.2345551087346,1600.1222782517184,,,-1,5.676,-1,-1,[],-1,0,<class 'utility.Prefix'>,{},{}
16,16_1,1471.967081591772,1471.967081591772,1600.4981147645717,,,-1,4.51,-1,-1,[],-1,0,<class 'utility.Prefix'>,{},{}
13,13_9,1095.4882467615678,1600.1222782517184,1616.6092394111836,,,-1,1.186,-1,-1,[],-1,0,<class 'utility.Prefix'>,{},{}
13,13_4,1616.6092394111836,1616.6092394111836,1631.1177486541924,,,-1,1.186,-1,-1,[],-1,0,<class 'utility.Prefix'>,{},{}
13,13_7,1631.1177486541924,1631.1177486541924,1649.25582791718,,,-1,1.186,-1,-1,[],-1,0,<class 'utility.Prefix'>,{},{}
0,0_0,1011.9620735009863,1573.562978914757,1662.7292102494985,,,-1,2.073,-1,-1,[],-1,0,<class 'utility.Prefix'>,{},{}
6,6_1,1281.855487273536,1600.4981147645717,1662.8548875436545,,,-1,1.238,-1,-1,[],-1,0,<class 'utility.Prefix'>,{},{}
13,13_19,1649.25582791718,1649.25582791718,1664.2387111030184,,,-1,1.186,-1,-1,[],-1,0,<class 'utility.Prefix'>,{},{}
5,5_6,1573.562978914757,1573.562978914757,1708.0147728393868,,,-1,11.309,-1,-1,[],-1,0,<class 'utility.Prefix'>,{},{}
4,4_2,1155.7886536865026,1506.143966013915,1710.0313631323884,,,-1,7.967,-1,-1,[],-1,0,<class 'utility.Prefix'>,{},{}
6,6_0,1662.8548875436545,1662.8548875436545,1725.1405422685493,,,-1,1.238,-1,-1,[],-1,0,<class 'utility.Prefix'>,{},{}
10,10_1,1472.7726476363935,1662.8548875436545,1726.1829962501454,,,-1,2.884,-1,-1,[],-1,0,<class 'utility.Prefix'>,{},{}
0,0_5,1662.7292102494985,1662.7292102494985,1749.0217494873045,,,-1,2.073,-1,-1,[],-1,0,<class 'utility.Prefix'>,{},{}
16,16_4,1600.4981147645717,1631.1177486541924,1770.0473747115598,,,-1,4.51,-1,-1,[],-1,0,<class 'utility.Prefix'>,{},{}
2,2_6,618.2134394967965,1708.0147728393868,1774.536272814636,,,-1,6.716,-1,-1,[],-1,0,<class 'utility.Prefix'>,{},{}
12,12_3,1600.1222782517184,1600.1222782517184,1779.317664997211,,,-1,5.676,-1,-1,[],-1,0,<class 'utility.Prefix'>,{},{}
10,10_7,1726.1829962501454,1726.1829962501454,1785.2332509954995,,,-1,2.884,-1,-1,[],-1,0,<class 'utility.Prefix'>,{},{}
6,6_10,1725.1405422685493,1725.1405422685493,1785.4263038185393,,,-1,1.238,-1,-1,[],-1,0,<class 'utility.Prefix'>,{},{}
7,7_6,634.7919380601523,1774.536272814636,1790.9332752549162,,,-1,0.559,-1,-1,[],-1,0,<class 'utility.Prefix'>,{},{}
8,8_3,1506.143966013915,1779.317664997211,1811.1972274454874,,,-1,1.302,-1,-1,[],-1,0,<class 'utility.Prefix'>,{},{}
5,5_8,1708.0147728393868,1708.0147728393868,1822.092025856827,,,-1,11.309,-1,-1,[],-1,0,<class 'utility.Prefix'>,{},{}
1,1_3,1005.1911811419336,1811.1972274454874,1834.9588660102636,,,-1,0.68,-1,-1,[],-1,0,<class 'utility.Prefix'>,{},{}
0,0_9,1749.0217494873045,1749.0217494873045,1837.755693526607,,,-1,2.073,-1,-1,[],-1,0,<class 'utility.Prefix'>,{},{}
6,6_17,1785.4263038185393,1785.4263038185393,1848.7775680420643,,,-1,1.238,-1,-1,[],-1,0,<class 'utility.Prefix'>,{},{}
10,10_14,1785.2332509954995,1785.2332509954995,1851.4493797922655,,,-1,2.884,-1,-1,[],-1,0,<class 'utility.Prefix'>,{},{}
19,19_4,1079.4768720557558,1770.0473747115598,1887.7096244434285,,,-1,8.108,-1,-1,[],-1,0,<class 'utility.Prefix'>,{},{}
3,3_4,1020.9417056113274,1887.7096244434285,1896.5743931257332,,,-1,0.157,-1,-1,[],-1,0,<class 'utility.Prefix'>,{},{}
11,11_3,689.0431010662912,1834.9588660102636,1905.2672463800486,,,-1,2.359,-1,-1,[],-1,0,<class 'utility.Prefix'>,{},{}
3,3_1,1896.5743931257332,1896.5743931257332,1905.836785925306,,,-1,0.157,-1,-1,[],-1,0,<class 'utility.Prefix'>,{},{}
6,6_15,1848.7775680420643,1848.7775680420643,1911.915413046306,,,-1,1.238,-1,-1,[],-1,0,<class 'utility.Prefix'>,{},{}
16,16_6,1770.0473747115598,1790.9332752549162,1912.8874852244433,,,-1,4.51,-1,-1,[],-1,0,<class 'utility.Prefix'>,{},{}
10,10_13,1851.4493797922655,1851.4493797922655,1913.3225395548452,,,-1,2.884,-1,-1,[],-1,0,<class 'utility.Prefix'>,{},{}
3,3_7,1905.836785925306,1905.836785925306,1914.8173825637846,,,-1,0.157,-1,-1,[],-1,0,<class 'utility.Prefix'>,{},{}
3,3_17,1914.8173825637846,1914.8173825637846,1923.5303702418998,,,-1,0.157,-1,-1,[],-1,0,<class 'utility.Prefix'>,{},{}
13,13_13,1664.2387111030184,1913.3225395548452,1930.4279597023942,,,-1,1.186,-1,-1,[],-1,0,<class 'utility.Prefix'>,{},{}
13,13_11,1930.4279597023942,1930.4279597023942,1946.430070081789,,,-1,1.186,-1,-1,[],-1,0,<class 'utility.Prefix'>,{},{}
17,17_1,980.254857483487,1905.836785925306,1947.1322836566153,,,-1,2.844,-1,-1,[],-1,0,<class 'utility.Prefix'>,{},{}
5,5_5,1822.092025856827,1822.092025856827,1952.8689667692518,,,-1,11.309,-1,-1,[],-1,0,<class 'utility.Prefix'>,{},{}
12,12_0,1779.317664997211,1779.317664997211,1965.2341940389078,,,-1,5.676,-1,-1,[],-1,0,<class 'utility.Prefix'>,{},{}
6,6_14,1911.915413046306,1911.915413046306,1974.4160352517288,,,-1,1.238,-1,-1,[],-1,0,<class 'utility.Prefix'>,{},{}
2,2_4,1774.536272814636,1896.5743931257332,1975.8273516929191,,,-1,6.716,-1,-1,[],-1,0,<class 'utility.Prefix'>,{},{}
10,10_19,1913.3225395548452,1913.3225395548452,1980.2444105201423,,,-1,2.884,-1,-1,[],-1,0,<class 'utility.Prefix'>,{},{}
17,17_9,1947.1322836566153,1947.1322836566153,1983.140159015097,,,-1,2.844,-1,-1,[],-1,0,<class 'utility.Prefix'>,{},{}
8,8_0,1811.1972274454874,1965.2341940389078,1997.4083247576757,,,-1,1.302,-1,-1,[],-1,0,<class 'utility.Prefix'>,{},{}
8,8_4,1997.4083247576757,1997.4083247576757,2030.5516802580753,,,-1,1.302,-1,-1,[],-1,0,<class 'utility.Prefix'>,{},{}
6,6_11,1974.4160352517288,1974.4160352517288,2035.0604310195906,,,-1,1.238,-1,-1,[],-1,0,<class 'utility.Prefix'>,{},{}
4,4_8,1710.0313631323884,1822.092025856827,2037.3228249158112,,,-1,7.967,-1,-1,[],-1,0,<class 'utility.Prefix'>,{},{}
10,10_16,1980.2444105201423,1980.2444105201423,2039.8161944328708,,,-1,2.884,-1,-1,[],-1,0,<class 'utility.Prefix'>,{},{}
7,7_4,1790.9332752549162,2030.5516802580753,2048.0596371561437,,,-1,0.559,-1,-1,[],-1,0,<class 'utility.Prefix'>,{},{}
5,5_1,1952.8689667692518,1952.8689667692518,2063.9833334617365,,,-1,11.309,-1,-1,[],-1,0,<class 'utility.Prefix'>,{},{}
8,8_7,2030.5516802580753,2030.5516802580753,2065.631129059525,,,-1,1.302,-1,-1,[],-1,0,<class 'utility.Prefix'>,{},{}
18,18_7,871.3546452678454,2065.631129059525,2092.385695232345,,,-1,0.435,-1,-1,[],-1,0,<class 'utility.Prefix'>,{},{}
10,10_15,2039.8161944328708,2039.8161944328708,2099.0765490239073,,,-1,2.884,-1,-1,[],-1,0,<class 'utility.Prefix'>,{},{}
12,12_2,1965.2341940389078,1965.2341940389078,2146.6567958720984,,,-1,5.676,-1,-1,[],-1,0,<class 'utility.Prefix'>,{},{}
0,0_1,1837.755693526607,2063.9833334617365,2154.8969634178247,,,-1,2.073,-1,-1,[],-1,0,<class 'utility.Prefix'>,{},{}
10,10_12,2099.0765490239073,2099.0765490239073,2154.914677799077,,,-1,2.884,-1,-1,[],-1,0,<class 'utility.Prefix'>,{},{}
16,16_8,1912.8874852244433,2037.3228249158112,2156.7723506063335,,,-1,4.51,-1,-1,[],-1,0,<class 'utility.Prefix'>,{},{}
5,5_18,2063.9833334617365,2063.9833334617365,2184.8098557515364,,,-1,11.309,-1,-1,[],-1,0,<class 'utility.Prefix'>,{},{}
2,2_2,1975.8273516929191,2146.6567958720984,2206.2643796364378,,,-1,6.716,-1,-1,[],-1,0,<class 'utility.Prefix'>,{},{}
8,8_18,2065.631129059525,2184.8098557515364,2216.5660549074228,,,-1,1.302,-1,-1,[],-1,0,<class 'utility.Prefix'>,{},{}
0,0_7,2154.8969634178247,2154.8969634178247,2240.8576921732874,,,-1,2.073,-1,-1,[],-1,0,<class 'utility.Prefix'>,{},{}
4,4_0,2037.3228249158112,2037.3228249158112,2241.4901320476165,,,-1,7.967,-1,-1,[],-1,0,<class 'utility.Prefix'>,{},{}
8,8_13,2216.5660549074228,2216.5660549074228,2248.1032723661447,,,-1,1.302,-1,-1,[],-1,0,<class 'utility.Prefix'>,{},{}
10,10_18,2154.914677799077,2216.5660549074228,2277.0380578631402,,,-1,2.884,-1,-1,[],-1,0,<class 'utility.Prefix'>,{},{}
5,5_10,2184.8098557515364,2184.8098557515364,2326.223342328144,,,-1,11.309,-1,-1,[],-1,0,<class 'utility.Prefix'>,{},{}
3,3_10,1923.5303702418998,2326.223342328144,2335.189274272302,,,-1,0.157,-1,-1,[],-1,0,<class 'utility.Prefix'>,{},{}
12,12_6,2146.6567958720984,2146.6567958720984,2336.01969422074,,,-1,5.676,-1,-1,[],-1,0,<class 'utility.Prefix'>,{},{}
10,10_11,2277.0380578631402,2277.0380578631402,2338.8948437419986,,,-1,2.884,-1,-1,[],-1,0,<class 'utility.Prefix'>,{},{}
3,3_12,2335.189274272302,2335.189274272302,2344.149246899647,,,-1,0.157,-1,-1,[],-1,0,<class 'utility.Prefix'>,{},{}
14,14_6,330.60818977448565,2336.01969422074,2351.9057487688256,,,-1,0.179,-1,-1,[],-1,0,<class 'utility.Prefix'>,{},{}
3,3_18,2344.149246899647,2344.149246899647,2353.312162942599,,,-1,0.157,-1,-1,[],-1,0,<class 'utility.Prefix'>,{},{}
15,15_0,1124.032033898011,2241.4901320476165,2356.2284782007396,,,-1,9.069,-1,-1,[],-1,0,<class 'utility.Prefix'>,{},{}
1,1_6,1834.9588660102636,2351.9057487688256,2375.99267965114,,,-1,0.68,-1,-1,[],-1,0,<class 'utility.Prefix'>,{},{}
1,1_2,2375.99267965114,2375.99267965114,2399.9683953648823,,,-1,0.68,-1,-1,[],-1,0,<class 'utility.Prefix'>,{},{}
17,17_6,1983.140159015097,2375.99267965114,2413.404774588681,,,-1,2.844,-1,-1,[],-1,0,<class 'utility.Prefix'>,{},{}
1,1_1,2399.9683953648823,2399.9683953648823,2424.633675292745,,,-1,0.68,-1,-1,[],-1,0,<class 'utility.Prefix'>,{},{}
2,2_0,2206.2643796364378,2356.2284782007396,2445.1359973671542,,,-1,6.716,-1,-1,[],-1,0,<class 'utility.Prefix'>,{},{}
1,1_5,2424.633675292745,2424.633675292745,2447.8600429882404,,,-1,0.68,-1,-1,[],-1,0,<class 'utility.Prefix'>,{},{}
5,5_17,2326.223342328144,2326.223342328144,2454.334140963279,,,-1,11.309,-1,-1,[],-1,0,<class 'utility.Prefix'>,{},{}
1,1_9,2447.8600429882404,2447.8600429882404,2471.5632864238237,,,-1,0.68,-1,-1,[],-1,0,<class 'utility.Prefix'>,{},{}
8,8_17,2248.1032723661447,2454.334140963279,2487.5227384997715,,,-1,1.302,-1,-1,[],-1,0,<class 'utility.Prefix'>,{},{}
1,1_4,2471.5632864238237,2471.5632864238237,2494.928331532871,,,-1,0.68,-1,-1,[],-1,0,<class 'utility.Prefix'>,{},{}
16,16_2,2156.7723506063335,2399.9683953648823,2519.1071371981798,,,-1,4.51,-1,-1,[],-1,0,<class 'utility.Prefix'>,{},{}
1,1_19,2494.928331532871,2494.928331532871,2519.1189339758566,,,-1,0.68,-1,-1,[],-1,0,<class 'utility.Prefix'>,{},{}
8,8_15,2487.5227384997715,2487.5227384997715,2521.194524823836,,,-1,1.302,-1,-1,[],-1,0,<class 'utility.Prefix'>,{},{}
12,12_8,2336.01969422074,2336.01969422074,2524.0910698750827,,,-1,5.676,-1,-1,[],-1,0,<class 'utility.Prefix'>,{},{}
3,3_19,2353.312162942599,2519.1189339758566,2527.8552241892216,,,-1,0.157,-1,-1,[],-1,0,<class 'utility.Prefix'>,{},{}
19,19_1,1887.7096244434285,2424.633675292745,2530.479158615131,,,-1,8.108,-1,-1,[],-1,0,<class 'utility.Prefix'>,{},{}
1,1_18,2519.1189339758566,2519.1189339758566,2543.2949857410927,,,-1,0.68,-1,-1,[],-1,0,<class 'utility.Prefix'>,{},{}
17,17_8,2413.404774588681,2524.0910698750827,2565.4391654360043,,,-1,2.844,-1,-1,[],-1,0,<class 'utility.Prefix'>,{},{}
5,5_12,2454.334140963279,2454.334140963279,2586.603056327527,,,-1,11.309,-1,-1,[],-1,0,<class 'utility.Prefix'>,{},{}
6,6_18,2035.0604310195906,2543.2949857410927,2607.6123674049,,,-1,1.238,-1,-1,[],-1,0,<class 'utility.Prefix'>,{},{}
4,4_6,2241.4901320476165,2413.404774588681,2615.750735800441,,,-1,7.967,-1,-1,[],-1,0,<class 'utility.Prefix'>,{},{}
19,19_5,2530.479158615131,2530.479158615131,2631.6683987036563,,,-1,8.108,-1,-1,[],-1,0,<class 'utility.Prefix'>,{},{}
16,16_10,2519.1071371981798,2519.1071371981798,2645.7191556778903,,,-1,4.51,-1,-1,[],-1,0,<class 'utility.Prefix'>,{},{}
2,2_8,2445.1359973671542,2565.4391654360043,2648.297534343951,,,-1,6.716,-1,-1,[],-1,0,<class 'utility.Prefix'>,{},{}
5,5_11,2586.603056327527,2586.603056327527,2690.4462868431833,,,-1,11.309,-1,-1,[],-1,0,<class 'utility.Prefix'>,{},{}
2,2_5,2648.297534343951,2648.297534343951,2714.5429870776725,,,-1,6.716,-1,-1,[],-1,0,<class 'utility.Prefix'>,{},{}
19,19_9,2631.6683987036563,2631.6683987036563,2742.941896439487,,,-1,8.108,-1,-1,[],-1,0,<class 'utility.Prefix'>,{},{}
15,15_6,2356.2284782007396,2615.750735800441,2743.4713112311083,,,-1,9.069,-1,-1,[],-1,0,<class 'utility.Prefix'>,{},{}
16,16_17,2645.7191556778903,2645.7191556778903,2769.6353753636495,,,-1,4.51,-1,-1,[],-1,0,<class 'utility.Prefix'>,{},{}
4,4_3,2615.750735800441,2615.750735800441,2796.7531891036533,,,-1,7.967,-1,-1,[],-1,0,<class 'utility.Prefix'>,{},{}
18,18_3,2092.385695232345,2796.7531891036533,2824.272279096042,,,-1,0.435,-1,-1,[],-1,0,<class 'utility.Prefix'>,{},{}
15,15_2,2743.4713112311083,2743.4713112311083,2858.4166819656393,,,-1,9.069,-1,-1,[],-1,0,<class 'utility.Prefix'>,{},{}
19,19_6,2742.941896439487,2743.4713112311083,2860.29453289695,,,-1,8.108,-1,-1,[],-1,0,<class 'utility.Prefix'>,{},{}
0,0_3,2240.8576921732874,2824.272279096042,2912.385653442716,,,-1,2.073,-1,-1,[],-1,0,<class 'utility.Prefix'>,{},{}
11,11_2,1905.2672463800486,2858.4166819656393,2923.9255106472847,,,-1,2.359,-1,-1,[],-1,0,<class 'utility.Prefix'>,{},{}
15,15_4,2858.4166819656393,2858.4166819656393,2961.253620813862,,,-1,9.069,-1,-1,[],-1,0,<class 'utility.Prefix'>,{},{}
17,17_2,2565.4391654360043,2923.9255106472847,2966.0247038354423,,,-1,2.844,-1,-1,[],-1,0,<class 'utility.Prefix'>,{},{}
19,19_15,2860.29453289695,2860.29453289695,2970.9107319209147,,,-1,8.108,-1,-1,[],-1,0,<class 'utility.Prefix'>,{},{}
4,4_1,2796.7531891036533,2796.7531891036533,2986.0542508173685,,,-1,7.967,-1,-1,[],-1,0,<class 'utility.Prefix'>,{},{}
0,0_10,2912.385653442716,2912.385653442716,3000.932183752106,,,-1,2.073,-1,-1,[],-1,0,<class 'utility.Prefix'>,{},{}
17,17_3,2966.0247038354423,2966.0247038354423,3004.270295294561,,,-1,2.844,-1,-1,[],-1,0,<class 'utility.Prefix'>,{},{}
10,10_10,2338.8948437419986,3000.932183752106,3062.3946431606346,,,-1,2.884,-1,-1,[],-1,0,<class 'utility.Prefix'>,{},{}
0,0_12,3000.932183752106,3000.932183752106,3092.938216620926,,,-1,2.073,-1,-1,[],-1,0,<class 'utility.Prefix'>,{},{}
19,19_16,2970.9107319209147,2970.9107319209147,3108.285382204116,,,-1,8.108,-1,-1,[],-1,0,<class 'utility.Prefix'>,{},{}
8,8_12,2521.194524823836,3092.938216620926,3123.7073356427663,,,-1,1.302,-1,-1,[],-1,0,<class 'utility.Prefix'>,{},{}
13,13_12,1946.430070081789,3123.7073356427663,3141.5604346851374,,,-1,1.186,-1,-1,[],-1,0,<class 'utility.Prefix'>,{},{}
12,12_1,2524.0910698750827,2986.0542508173685,3176.2986027729708,,,-1,5.676,-1,-1,[],-1,0,<class 'utility.Prefix'>,{},{}
0,0_11,3092.938216620926,3092.938216620926,3178.276492163987,,,-1,2.073,-1,-1,[],-1,0,<class 'utility.Prefix'>,{},{}
4,4_13,2986.0542508173685,2986.0542508173685,3179.117206119102,,,-1,7.967,-1,-1,[],-1,0,<class 'utility.Prefix'>,{},{}
3,3_11,2527.8552241892216,3178.276492163987,3187.061009754366,,,-1,0.157,-1,-1,[],-1,0,<class 'utility.Prefix'>,{},{}
6,6_12,2607.6123674049,3141.5604346851374,3202.280809424945,,,-1,1.238,-1,-1,[],-1,0,<class 'utility.Prefix'>,{},{}
1,1_13,2543.2949857410927,3179.117206119102,3203.0163028328807,,,-1,0.68,-1,-1,[],-1,0,<class 'utility.Prefix'>,{},{}
18,18_1,2824.272279096042,3176.2986027729708,3203.3064477948665,,,-1,0.435,-1,-1,[],-1,0,<class 'utility.Prefix'>,{},{}
1,1_15,3203.0163028328807,3203.0163028328807,3226.370042814259,,,-1,0.68,-1,-1,[],-1,0,<class 'utility.Prefix'>,{},{}
12,12_7,3176.2986027729708,3176.2986027729708,3361.908527517498,,,-1,5.676,-1,-1,[],-1,0,<class 'utility.Prefix'>,{},{}
14,14_7,2351.9057487688256,3361.908527517498,3377.9591385739404,,,-1,0.179,-1,-1,[],-1,0,<class 'utility.Prefix'>,{},{}
14,14_8,3377.9591385739404,3377.9591385739404,3393.982992369188,,,-1,0.179,-1,-1,[],-1,0,<class 'utility.Prefix'>,{},{}
7,7_7,2048.0596371561437,3377.9591385739404,3395.164709690155,,,-1,0.559,-1,-1,[],-1,0,<class 'utility.Prefix'>,{},{}
4,4_14,3179.117206119102,3179.117206119102,3400.3105321831617,,,-1,7.967,-1,-1,[],-1,0,<class 'utility.Prefix'>,{},{}
7,7_0,3395.164709690155,3395.164709690155,3412.0425409697455,,,-1,0.559,-1,-1,[],-1,0,<class 'utility.Prefix'>,{},{}
7,7_8,3412.0425409697455,3412.0425409697455,3428.8122554175034,,,-1,0.559,-1,-1,[],-1,0,<class 'utility.Prefix'>,{},{}
11,11_7,2923.9255106472847,3395.164709690155,3461.776629355211,,,-1,2.359,-1,-1,[],-1,0,<class 'utility.Prefix'>,{},{}
11,11_1,3461.776629355211,3461.776629355211,3525.434694571993,,,-1,2.359,-1,-1,[],-1,0,<class 'utility.Prefix'>,{},{}
16,16_14,2769.6353753636495,3400.3105321831617,3528.407315892975,,,-1,4.51,-1,-1,[],-1,0,<class 'utility.Prefix'>,{},{}
2,2_7,2714.5429870776725,3461.776629355211,3541.9980942340226,,,-1,6.716,-1,-1,[],-1,0,<class 'utility.Prefix'>,{},{}
12,12_4,3361.908527517498,3361.908527517498,3545.627267040366,,,-1,5.676,-1,-1,[],-1,0,<class 'utility.Prefix'>,{},{}
14,14_4,3393.982992369188,3545.627267040366,3561.733911314633,,,-1,0.179,-1,-1,[],-1,0,<class 'utility.Prefix'>,{},{}
8,8_14,3123.7073356427663,3528.407315892975,3561.814577815193,,,-1,1.302,-1,-1,[],-1,0,<class 'utility.Prefix'>,{},{}
3,3_14,3187.061009754366,3561.814577815193,3570.6955883637766,,,-1,0.157,-1,-1,[],-1,0,<class 'utility.Prefix'>,{},{}
14,14_9,3561.733911314633,3561.733911314633,3577.6582632132863,,,-1,0.179,-1,-1,[],-1,0,<class 'utility.Prefix'>,{},{}
9,9_8,1326.7958041396969,3428.8122554175034,3585.422668482962,,,-1,10.63,-1,-1,[],-1,0,<class 'utility.Prefix'>,{},{}
18,18_4,3203.3064477948665,3561.733911314633,3588.89601488325,,,-1,0.435,-1,-1,[],-1,0,<class 'utility.Prefix'>,{},{}
11,11_5,3525.434694571993,3525.434694571993,3593.2973284951527,,,-1,2.359,-1,-1,[],-1,0,<class 'utility.Prefix'>,{},{}
14,14_2,3577.6582632132863,3577.6582632132863,3593.659131646998,,,-1,0.179,-1,-1,[],-1,0,<class 'utility.Prefix'>,{},{}
4,4_17,3400.3105321831617,3400.3105321831617,3603.8912174996194,,,-1,7.967,-1,-1,[],-1,0,<class 'utility.Prefix'>,{},{}
18,18_15,3588.89601488325,3588.89601488325,3616.4707895448782,,,-1,0.435,-1,-1,[],-1,0,<class 'utility.Prefix'>,{},{}
15,15_1,2961.253620813862,3525.434694571993,3629.3040898051304,,,-1,9.069,-1,-1,[],-1,0,<class 'utility.Prefix'>,{},{}
7,7_15,3428.8122554175034,3616.4707895448782,3633.503249859249,,,-1,0.559,-1,-1,[],-1,0,<class 'utility.Prefix'>,{},{}
14,14_1,3593.659131646998,3629.3040898051304,3645.1842969819318,,,-1,0.179,-1,-1,[],-1,0,<class 'utility.Prefix'>,{},{}
7,7_16,3633.503249859249,3633.503249859249,3650.173373941221,,,-1,0.559,-1,-1,[],-1,0,<class 'utility.Prefix'>,{},{}
2,2_14,3541.9980942340226,3570.6955883637766,3651.094617470202,,,-1,6.716,-1,-1,[],-1,0,<class 'utility.Prefix'>,{},{}
17,17_15,3004.270295294561,3633.503249859249,3670.002491300325,,,-1,2.844,-1,-1,[],-1,0,<class 'utility.Prefix'>,{},{}
3,3_15,3570.6955883637766,3670.002491300325,3679.1436809782053,,,-1,0.157,-1,-1,[],-1,0,<class 'utility.Prefix'>,{},{}
0,0_17,3178.276492163987,3603.8912174996194,3692.3355257063367,,,-1,2.073,-1,-1,[],-1,0,<class 'utility.Prefix'>,{},{}
15,15_9,3629.3040898051304,3629.3040898051304,3733.1269315161444,,,-1,9.069,-1,-1,[],-1,0,<class 'utility.Prefix'>,{},{}
12,12_13,3545.627267040366,3545.627267040366,3733.606873167241,,,-1,5.676,-1,-1,[],-1,0,<class 'utility.Prefix'>,{},{}
19,19_14,3108.285382204116,3651.094617470202,3748.0002927452133,,,-1,8.108,-1,-1,[],-1,0,<class 'utility.Prefix'>,{},{}
2,2_17,3651.094617470202,3692.3355257063367,3759.318987250108,,,-1,6.716,-1,-1,[],-1,0,<class 'utility.Prefix'>,{},{}
9,9_4,3585.422668482962,3588.89601488325,3768.87978146399,,,-1,10.63,-1,-1,[],-1,0,<class 'utility.Prefix'>,{},{}
13,13_17,3141.5604346851374,3759.318987250108,3774.5052911084263,,,-1,1.186,-1,-1,[],-1,0,<class 'utility.Prefix'>,{},{}
5,5_16,2690.4462868431833,3650.173373941221,3778.339877693805,,,-1,11.309,-1,-1,[],-1,0,<class 'utility.Prefix'>,{},{}
4,4_11,3603.8912174996194,3603.8912174996194,3794.641207390489,,,-1,7.967,-1,-1,[],-1,0,<class 'utility.Prefix'>,{},{}
15,15_5,3733.1269315161444,3733.1269315161444,3835.5621504528244,,,-1,9.069,-1,-1,[],-1,0,<class 'utility.Prefix'>,{},{}
0,0_14,3692.3355257063367,3748.0002927452133,3836.7374621366707,,,-1,2.073,-1,-1,[],-1,0,<class 'utility.Prefix'>,{},{}
14,14_5,3645.1842969819318,3835.5621504528244,3851.620098441808,,,-1,0.179,-1,-1,[],-1,0,<class 'utility.Prefix'>,{},{}
16,16_13,3528.407315892975,3733.606873167241,3859.9544365903294,,,-1,4.51,-1,-1,[],-1,0,<class 'utility.Prefix'>,{},{}
11,11_11,3593.2973284951527,3794.641207390489,3862.565902848798,,,-1,2.359,-1,-1,[],-1,0,<class 'utility.Prefix'>,{},{}
8,8_11,3561.814577815193,3862.565902848798,3894.118177158069,,,-1,1.302,-1,-1,[],-1,0,<class 'utility.Prefix'>,{},{}
12,12_18,3733.606873167241,3733.606873167241,3915.7700563935086,,,-1,5.676,-1,-1,[],-1,0,<class 'utility.Prefix'>,{},{}
9,9_6,3768.87978146399,3768.87978146399,3936.555832156847,,,-1,10.63,-1,-1,[],-1,0,<class 'utility.Prefix'>,{},{}
15,15_3,3835.5621504528244,3835.5621504528244,3940.688837547388,,,-1,9.069,-1,-1,[],-1,0,<class 'utility.Prefix'>,{},{}
18,18_18,3616.4707895448782,3915.7700563935086,3942.640994972575,,,-1,0.435,-1,-1,[],-1,0,<class 'utility.Prefix'>,{},{}
7,7_18,3650.173373941221,3942.640994972575,3960.188356821924,,,-1,0.559,-1,-1,[],-1,0,<class 'utility.Prefix'>,{},{}
2,2_11,3759.318987250108,3894.118177158069,3975.341956733346,,,-1,6.716,-1,-1,[],-1,0,<class 'utility.Prefix'>,{},{}
19,19_13,3748.0002927452133,3859.9544365903294,3976.8350335259433,,,-1,8.108,-1,-1,[],-1,0,<class 'utility.Prefix'>,{},{}
18,18_13,3942.640994972575,3976.8350335259433,4004.1281695318457,,,-1,0.435,-1,-1,[],-1,0,<class 'utility.Prefix'>,{},{}
3,3_13,3679.1436809782053,4004.1281695318457,4012.892933779849,,,-1,0.157,-1,-1,[],-1,0,<class 'utility.Prefix'>,{},{}
0,0_18,3836.7374621366707,3960.188356821924,4050.546951944076,,,-1,2.073,-1,-1,[],-1,0,<class 'utility.Prefix'>,{},{}
15,15_10,3940.688837547388,3940.688837547388,4055.8389146855015,,,-1,9.069,-1,-1,[],-1,0,<class 'utility.Prefix'>,{},{}
12,12_19,3915.7700563935086,3915.7700563935086,4103.607480444112,,,-1,5.676,-1,-1,[],-1,0,<class 'utility.Prefix'>,{},{}
9,9_2,3936.555832156847,3936.555832156847,4111.261843472165,,,-1,10.63,-1,-1,[],-1,0,<class 'utility.Prefix'>,{},{}
2,2_18,3975.341956733346,4050.546951944076,4131.448566936313,,,-1,6.716,-1,-1,[],-1,0,<class 'utility.Prefix'>,{},{}
15,15_11,4055.8389146855015,4055.8389146855015,4177.333487808127,,,-1,9.069,-1,-1,[],-1,0,<class 'utility.Prefix'>,{},{}
7,7_11,3960.188356821924,4177.333487808127,4194.921362424863,,,-1,0.559,-1,-1,[],-1,0,<class 'utility.Prefix'>,{},{}
18,18_11,4004.1281695318457,4194.921362424863,4221.538456020952,,,-1,0.435,-1,-1,[],-1,0,<class 'utility.Prefix'>,{},{}
1,1_11,3226.370042814259,4221.538456020952,4245.757575567891,,,-1,0.68,-1,-1,[],-1,0,<class 'utility.Prefix'>,{},{}
12,12_16,4103.607480444112,4103.607480444112,4288.714775283839,,,-1,5.676,-1,-1,[],-1,0,<class 'utility.Prefix'>,{},{}
15,15_17,4177.333487808127,4177.333487808127,4299.465789360034,,,-1,9.069,-1,-1,[],-1,0,<class 'utility.Prefix'>,{},{}
4,4_19,3794.641207390489,4103.607480444112,4308.327329866858,,,-1,7.967,-1,-1,[],-1,0,<class 'utility.Prefix'>,{},{}
10,10_17,3062.3946431606346,4299.465789360034,4361.570872635824,,,-1,2.884,-1,-1,[],-1,0,<class 'utility.Prefix'>,{},{}
11,11_19,3862.565902848798,4308.327329866858,4375.14362880826,,,-1,2.359,-1,-1,[],-1,0,<class 'utility.Prefix'>,{},{}
8,8_19,3894.118177158069,4375.14362880826,4407.435306263503,,,-1,1.302,-1,-1,[],-1,0,<class 'utility.Prefix'>,{},{}
16,16_16,3859.9544365903294,4288.714775283839,4416.768290215349,,,-1,4.51,-1,-1,[],-1,0,<class 'utility.Prefix'>,{},{}
3,3_16,4012.892933779849,4416.768290215349,4425.690164777688,,,-1,0.157,-1,-1,[],-1,0,<class 'utility.Prefix'>,{},{}
8,8_10,4407.435306263503,4407.435306263503,4436.96297407657,,,-1,1.302,-1,-1,[],-1,0,<class 'utility.Prefix'>,{},{}
12,12_14,4288.714775283839,4288.714775283839,4469.900103652716,,,-1,5.676,-1,-1,[],-1,0,<class 'utility.Prefix'>,{},{}
0,0_19,4050.546951944076,4407.435306263503,4494.801785568146,,,-1,2.073,-1,-1,[],-1,0,<class 'utility.Prefix'>,{},{}
2,2_16,4131.448566936313,4425.690164777688,4496.527026905564,,,-1,6.716,-1,-1,[],-1,0,<class 'utility.Prefix'>,{},{}
4,4_12,4308.327329866858,4308.327329866858,4502.0215944596175,,,-1,7.967,-1,-1,[],-1,0,<class 'utility.Prefix'>,{},{}
13,13_16,3774.5052911084263,4496.527026905564,4511.923748396932,,,-1,1.186,-1,-1,[],-1,0,<class 'utility.Prefix'>,{},{}
13,13_14,4511.923748396932,4511.923748396932,4526.84676023149,,,-1,1.186,-1,-1,[],-1,0,<class 'utility.Prefix'>,{},{}
16,16_11,4416.768290215349,4416.768290215349,4550.713974175733,,,-1,4.51,-1,-1,[],-1,0,<class 'utility.Prefix'>,{},{}
18,18_14,4221.538456020952,4526.84676023149,4554.411540767903,,,-1,0.435,-1,-1,[],-1,0,<class 'utility.Prefix'>,{},{}
11,11_12,4375.14362880826,4502.0215944596175,4567.757455382161,,,-1,2.359,-1,-1,[],-1,0,<class 'utility.Prefix'>,{},{}
14,14_12,3851.620098441808,4567.757455382161,4583.861700239889,,,-1,0.179,-1,-1,[],-1,0,<class 'utility.Prefix'>,{},{}
14,14_10,4583.861700239889,4583.861700239889,4599.620497296938,,,-1,0.179,-1,-1,[],-1,0,<class 'utility.Prefix'>,{},{}
19,19_19,3976.8350335259433,4494.801785568146,4603.633682327393,,,-1,8.108,-1,-1,[],-1,0,<class 'utility.Prefix'>,{},{}
14,14_17,4599.620497296938,4599.620497296938,4615.883613407441,,,-1,0.179,-1,-1,[],-1,0,<class 'utility.Prefix'>,{},{}
11,11_18,4567.757455382161,4567.757455382161,4630.9120652257425,,,-1,2.359,-1,-1,[],-1,0,<class 'utility.Prefix'>,{},{}
15,15_16,4299.465789360034,4511.923748396932,4633.796805345609,,,-1,9.069,-1,-1,[],-1,0,<class 'utility.Prefix'>,{},{}
13,13_18,4526.84676023149,4630.9120652257425,4647.861917231625,,,-1,1.186,-1,-1,[],-1,0,<class 'utility.Prefix'>,{},{}
2,2_12,4496.527026905564,4583.861700239889,4659.681203273514,,,-1,6.716,-1,-1,[],-1,0,<class 'utility.Prefix'>,{},{}
4,4_15,4502.0215944596175,4502.0215944596175,4679.616831532371,,,-1,7.967,-1,-1,[],-1,0,<class 'utility.Prefix'>,{},{}
17,17_18,3670.002491300325,4647.861917231625,4684.841916144654,,,-1,2.844,-1,-1,[],-1,0,<class 'utility.Prefix'>,{},{}
11,11_10,4630.9120652257425,4630.9120652257425,4694.353080392418,,,-1,2.359,-1,-1,[],-1,0,<class 'utility.Prefix'>,{},{}
13,13_10,4647.861917231625,4694.353080392418,4711.716612236578,,,-1,1.186,-1,-1,[],-1,0,<class 'utility.Prefix'>,{},{}
1,1_10,4245.757575567891,4711.716612236578,4735.753003135367,,,-1,0.68,-1,-1,[],-1,0,<class 'utility.Prefix'>,{},{}
2,2_13,4659.681203273514,4659.681203273514,4736.188153231428,,,-1,6.716,-1,-1,[],-1,0,<class 'utility.Prefix'>,{},{}
11,11_14,4694.353080392418,4694.353080392418,4760.355397061333,,,-1,2.359,-1,-1,[],-1,0,<class 'utility.Prefix'>,{},{}
9,9_19,4111.261843472165,4603.633682327393,4781.448331519559,,,-1,10.63,-1,-1,[],-1,0,<class 'utility.Prefix'>,{},{}
7,7_19,4194.921362424863,4781.448331519559,4799.46584190788,,,-1,0.559,-1,-1,[],-1,0,<class 'utility.Prefix'>,{},{}
7,7_13,4799.46584190788,4799.46584190788,4816.449379139996,,,-1,0.559,-1,-1,[],-1,0,<class 'utility.Prefix'>,{},{}
19,19_10,4603.633682327393,4735.753003135367,4847.517777917466,,,-1,8.108,-1,-1,[],-1,0,<class 'utility.Prefix'>,{},{}
12,12_15,4469.900103652716,4679.616831532371,4857.475353705388,,,-1,5.676,-1,-1,[],-1,0,<class 'utility.Prefix'>,{},{}
2,2_19,4736.188153231428,4799.46584190788,4875.141204374638,,,-1,6.716,-1,-1,[],-1,0,<class 'utility.Prefix'>,{},{}
4,4_16,4679.616831532371,4679.616831532371,4881.6208278590475,,,-1,7.967,-1,-1,[],-1,0,<class 'utility.Prefix'>,{},{}
14,14_19,4615.883613407441,4875.141204374638,4891.07381464882,,,-1,0.179,-1,-1,[],-1,0,<class 'utility.Prefix'>,{},{}
6,6_16,3202.280809424945,4881.6208278590475,4944.461200650625,,,-1,1.238,-1,-1,[],-1,0,<class 'utility.Prefix'>,{},{}
2,2_10,4875.141204374638,4875.141204374638,4944.768504195165,,,-1,6.716,-1,-1,[],-1,0,<class 'utility.Prefix'>,{},{}
17,17_16,4684.841916144654,4944.461200650625,4980.881851233218,,,-1,2.844,-1,-1,[],-1,0,<class 'utility.Prefix'>,{},{}
16,16_19,4550.713974175733,4891.07381464882,5016.052803738844,,,-1,4.51,-1,-1,[],-1,0,<class 'utility.Prefix'>,{},{}
17,17_17,4980.881851233218,4980.881851233218,5022.170651081344,,,-1,2.844,-1,-1,[],-1,0,<class 'utility.Prefix'>,{},{}
7,7_17,4816.449379139996,5022.170651081344,5039.166963079639,,,-1,0.559,-1,-1,[],-1,0,<class 'utility.Prefix'>,{},{}
12,12_12,4857.475353705388,4857.475353705388,5042.649364779673,,,-1,5.676,-1,-1,[],-1,0,<class 'utility.Prefix'>,{},{}
9,9_15,4781.448331519559,4857.475353705388,5053.275869663462,,,-1,10.63,-1,-1,[],-1,0,<class 'utility.Prefix'>,{},{}
17,17_11,5022.170651081344,5022.170651081344,5062.083343971003,,,-1,2.844,-1,-1,[],-1,0,<class 'utility.Prefix'>,{},{}
1,1_17,4735.753003135367,5039.166963079639,5063.065842813104,,,-1,0.68,-1,-1,[],-1,0,<class 'utility.Prefix'>,{},{}
14,14_11,4891.07381464882,5062.083343971003,5078.144016108736,,,-1,0.179,-1,-1,[],-1,0,<class 'utility.Prefix'>,{},{}
0,0_15,4494.801785568146,5053.275869663462,5145.054086374635,,,-1,2.073,-1,-1,[],-1,0,<class 'utility.Prefix'>,{},{}
5,5_19,3778.339877693805,5016.052803738844,5151.91135586745,,,-1,11.309,-1,-1,[],-1,0,<class 'utility.Prefix'>,{},{}
15,15_12,4633.796805345609,5042.649364779673,5160.012812764637,,,-1,9.069,-1,-1,[],-1,0,<class 'utility.Prefix'>,{},{}
13,13_15,4711.716612236578,5145.054086374635,5160.675314638974,,,-1,1.186,-1,-1,[],-1,0,<class 'utility.Prefix'>,{},{}
18,18_12,4554.411540767903,5160.012812764637,5186.866640939148,,,-1,0.435,-1,-1,[],-1,0,<class 'utility.Prefix'>,{},{}
18,18_10,5186.866640939148,5186.866640939148,5214.259709764293,,,-1,0.435,-1,-1,[],-1,0,<class 'utility.Prefix'>,{},{}
9,9_18,5053.275869663462,5053.275869663462,5219.1260506288745,,,-1,10.63,-1,-1,[],-1,0,<class 'utility.Prefix'>,{},{}
0,0_13,5145.054086374635,5145.054086374635,5235.690519874635,,,-1,2.073,-1,-1,[],-1,0,<class 'utility.Prefix'>,{},{}
18,18_19,5214.259709764293,5214.259709764293,5241.298049880748,,,-1,0.435,-1,-1,[],-1,0,<class 'utility.Prefix'>,{},{}
12,12_17,5042.649364779673,5063.065842813104,5246.961151141828,,,-1,5.676,-1,-1,[],-1,0,<class 'utility.Prefix'>,{},{}
11,11_13,4760.355397061333,5235.690519874635,5303.239939321564,,,-1,2.359,-1,-1,[],-1,0,<class 'utility.Prefix'>,{},{}
15,15_18,5160.012812764637,5219.1260506288745,5325.473785265991,,,-1,9.069,-1,-1,[],-1,0,<class 'utility.Prefix'>,{},{}
0,0_16,5235.690519874635,5235.690519874635,5326.763643951825,,,-1,2.073,-1,-1,[],-1,0,<class 'utility.Prefix'>,{},{}
17,17_13,5062.083343971003,5303.239939321564,5340.09043932524,,,-1,2.844,-1,-1,[],-1,0,<class 'utility.Prefix'>,{},{}
14,14_16,5078.144016108736,5326.763643951825,5342.645586411096,,,-1,0.179,-1,-1,[],-1,0,<class 'utility.Prefix'>,{},{}
14,14_13,5342.645586411096,5342.645586411096,5358.877300206943,,,-1,0.179,-1,-1,[],-1,0,<class 'utility.Prefix'>,{},{}
9,9_14,5219.1260506288745,5219.1260506288745,5408.162745142657,,,-1,10.63,-1,-1,[],-1,0,<class 'utility.Prefix'>,{},{}
6,6_13,4944.461200650625,5358.877300206943,5420.881210546183,,,-1,1.238,-1,-1,[],-1,0,<class 'utility.Prefix'>,{},{}
7,7_14,5039.166963079639,5408.162745142657,5424.652528609033,,,-1,0.559,-1,-1,[],-1,0,<class 'utility.Prefix'>,{},{}
19,19_18,4847.517777917466,5325.473785265991,5438.838010300464,,,-1,8.108,-1,-1,[],-1,0,<class 'utility.Prefix'>,{},{}
1,1_14,5063.065842813104,5424.652528609033,5448.9590729673155,,,-1,0.68,-1,-1,[],-1,0,<class 'utility.Prefix'>,{},{}
15,15_15,5325.473785265991,5325.473785265991,5455.304920929354,,,-1,9.069,-1,-1,[],-1,0,<class 'utility.Prefix'>,{},{}
2,2_15,4944.768504195165,5455.304920929354,5527.780404720461,,,-1,6.716,-1,-1,[],-1,0,<class 'utility.Prefix'>,{},{}
16,16_18,5016.052803738844,5438.838010300464,5565.919947185729,,,-1,4.51,-1,-1,[],-1,0,<class 'utility.Prefix'>,{},{}
15,15_19,5455.304920929354,5455.304920929354,5569.772501744475,,,-1,9.069,-1,-1,[],-1,0,<class 'utility.Prefix'>,{},{}
9,9_12,5408.162745142657,5408.162745142657,5586.952013107571,,,-1,10.63,-1,-1,[],-1,0,<class 'utility.Prefix'>,{},{}
16,16_15,5565.919947185729,5565.919947185729,5693.8009284327445,,,-1,4.51,-1,-1,[],-1,0,<class 'utility.Prefix'>,{},{}
19,19_12,5438.838010300464,5586.952013107571,5699.637235797367,,,-1,8.108,-1,-1,[],-1,0,<class 'utility.Prefix'>,{},{}
14,14_15,5358.877300206943,5693.8009284327445,5710.006997424317,,,-1,0.179,-1,-1,[],-1,0,<class 'utility.Prefix'>,{},{}
7,7_12,5424.652528609033,5699.637235797367,5716.399469207858,,,-1,0.559,-1,-1,[],-1,0,<class 'utility.Prefix'>,{},{}
9,9_16,5586.952013107571,5586.952013107571,5744.36503339655,,,-1,10.63,-1,-1,[],-1,0,<class 'utility.Prefix'>,{},{}
4,4_18,4881.6208278590475,5565.919947185729,5754.954466705833,,,-1,7.967,-1,-1,[],-1,0,<class 'utility.Prefix'>,{},{}
17,17_12,5340.09043932524,5716.399469207858,5763.9333256698965,,,-1,2.844,-1,-1,[],-1,0,<class 'utility.Prefix'>,{},{}
14,14_18,5710.006997424317,5754.954466705833,5770.736481897085,,,-1,0.179,-1,-1,[],-1,0,<class 'utility.Prefix'>,{},{}
1,1_12,5448.9590729673155,5763.9333256698965,5786.983134079742,,,-1,0.68,-1,-1,[],-1,0,<class 'utility.Prefix'>,{},{}
19,19_11,5699.637235797367,5699.637235797367,5792.008623756708,,,-1,8.108,-1,-1,[],-1,0,<class 'utility.Prefix'>,{},{}
17,17_14,5763.9333256698965,5763.9333256698965,5798.177010445893,,,-1,2.844,-1,-1,[],-1,0,<class 'utility.Prefix'>,{},{}
11,11_16,5303.239939321564,5744.36503339655,5811.005250751337,,,-1,2.359,-1,-1,[],-1,0,<class 'utility.Prefix'>,{},{}
17,17_19,5798.177010445893,5798.177010445893,5834.74671999873,,,-1,2.844,-1,-1,[],-1,0,<class 'utility.Prefix'>,{},{}
8,8_16,4436.96297407657,5811.005250751337,5842.627021893118,,,-1,1.302,-1,-1,[],-1,0,<class 'utility.Prefix'>,{},{}
1,1_16,5786.983134079742,5842.627021893118,5865.924366776736,,,-1,0.68,-1,-1,[],-1,0,<class 'utility.Prefix'>,{},{}
11,11_17,5811.005250751337,5811.005250751337,5877.3563510657405,,,-1,2.359,-1,-1,[],-1,0,<class 'utility.Prefix'>,{},{}
6,6_19,5420.881210546183,5834.74671999873,5896.599566880032,,,-1,1.238,-1,-1,[],-1,0,<class 'utility.Prefix'>,{},{}
18,18_17,5241.298049880748,5877.3563510657405,5904.858920090371,,,-1,0.435,-1,-1,[],-1,0,<class 'utility.Prefix'>,{},{}
16,16_12,5693.8009284327445,5786.983134079742,5914.819136562745,,,-1,4.51,-1,-1,[],-1,0,<class 'utility.Prefix'>,{},{}
9,9_10,5744.36503339655,5744.36503339655,5922.220324770115,,,-1,10.63,-1,-1,[],-1,0,<class 'utility.Prefix'>,{},{}
18,18_16,5904.858920090371,5904.858920090371,5932.110692426294,,,-1,0.435,-1,-1,[],-1,0,<class 'utility.Prefix'>,{},{}
5,5_14,5151.91135586745,5798.177010445893,5937.560998978143,,,-1,11.309,-1,-1,[],-1,0,<class 'utility.Prefix'>,{},{}
7,7_10,5716.399469207858,5922.220324770115,5939.589909506432,,,-1,0.559,-1,-1,[],-1,0,<class 'utility.Prefix'>,{},{}
11,11_15,5877.3563510657405,5877.3563510657405,5945.531323262078,,,-1,2.359,-1,-1,[],-1,0,<class 'utility.Prefix'>,{},{}
14,14_14,5770.736481897085,5937.560998978143,5953.404774915959,,,-1,0.179,-1,-1,[],-1,0,<class 'utility.Prefix'>,{},{}
12,12_11,5246.961151141828,5792.008623756708,5980.048494822014,,,-1,5.676,-1,-1,[],-1,0,<class 'utility.Prefix'>,{},{}
9,9_13,5922.220324770115,5922.220324770115,6108.8531675494705,,,-1,10.63,-1,-1,[],-1,0,<class 'utility.Prefix'>,{},{}
4,4_10,5754.954466705833,5939.589909506432,6143.766374213292,,,-1,7.967,-1,-1,[],-1,0,<class 'utility.Prefix'>,{},{}
5,5_13,5937.560998978143,6108.8531675494705,6244.55350809601,,,-1,11.309,-1,-1,[],-1,0,<class 'utility.Prefix'>,{},{}
9,9_17,6108.8531675494705,6108.8531675494705,6262.006543685573,,,-1,10.63,-1,-1,[],-1,0,<class 'utility.Prefix'>,{},{}
12,12_10,5980.048494822014,6143.766374213292,6322.757290121925,,,-1,5.676,-1,-1,[],-1,0,<class 'utility.Prefix'>,{},{}
15,15_13,5569.772501744475,6244.55350809601,6357.281363011389,,,-1,9.069,-1,-1,[],-1,0,<class 'utility.Prefix'>,{},{}
17,17_10,5834.74671999873,6322.757290121925,6358.485799443675,,,-1,2.844,-1,-1,[],-1,0,<class 'utility.Prefix'>,{},{}
19,19_17,5792.008623756708,6262.006543685573,6358.957546759679,,,-1,8.108,-1,-1,[],-1,0,<class 'utility.Prefix'>,{},{}
5,5_15,6244.55350809601,6244.55350809601,6364.495039740332,,,-1,11.309,-1,-1,[],-1,0,<class 'utility.Prefix'>,{},{}
9,9_11,6262.006543685573,6262.006543685573,6453.384263675776,,,-1,10.63,-1,-1,[],-1,0,<class 'utility.Prefix'>,{},{}
15,15_14,6357.281363011389,6357.281363011389,6477.195798724039,,,-1,9.069,-1,-1,[],-1,0,<class 'utility.Prefix'>,{},{}
